{
  "train_loss": [
    0.4527482175465786,
    0.40151232011390453,
    0.40010494445309497,
    0.3981756101955067,
    0.39908016920089723,
    0.39634352615385343,
    0.39872863003701875,
    0.39589768666209596,
    0.3995063117056182,
    0.3995617909864946,
    0.39383024139837786,
    0.3928636973554438,
    0.3920370197657383,
    0.3946773191293081,
    0.39169989697860946,
    0.3923028853806582,
    0.4020079771677653,
    0.3925661305586497,
    0.39527041695334697,
    0.3962713577530601,
    0.39454195752288357,
    0.39535078261837814,
    0.3922991532267946,
    0.39230481657114896,
    0.39136680418794806,
    0.39152918096744654
  ],
  "train_acc": [
    98.44285714285714,
    99.76666666666667,
    99.67142857142858,
    99.72857142857143,
    99.7,
    99.80952380952381,
    99.74285714285715,
    99.81428571428572,
    99.6952380952381,
    99.6952380952381,
    99.87142857142857,
    99.94285714285714,
    99.96190476190476,
    99.86666666666666,
    99.96666666666667,
    99.95714285714286,
    99.66666666666667,
    99.94285714285714,
    99.81904761904762,
    99.79047619047618,
    99.85238095238095,
    99.83809523809524,
    99.94285714285714,
    99.95714285714286,
    99.98095238095237,
    99.97142857142858
  ],
  "val_loss": [
    0.4015199922853046,
    0.3961163138349851,
    0.40094948559999466,
    0.39886362850666046,
    0.3918774914410379,
    0.391255770292547,
    0.3915238546000587,
    0.39788010054164463,
    0.40217900772889453,
    0.39585259142849183,
    0.391497569779555,
    0.3934694197442796,
    0.39153899169630474,
    0.39347899622387356,
    0.39050162335236865,
    0.3912228900525305,
    0.3919672651423348,
    0.3904050671392017,
    0.3941964962416225,
    0.3921641715698772,
    0.3991798741949929,
    0.3907183524635103,
    0.39495472030507195,
    0.3908437283502685,
    0.39051611555947197,
    0.39251864204804104
  ],
  "val_acc": [
    99.77777777777777,
    99.84444444444445,
    99.73333333333333,
    99.62222222222222,
    99.93333333333334,
    99.97777777777777,
    99.95555555555555,
    99.75555555555556,
    99.6,
    99.75555555555556,
    99.93333333333334,
    99.86666666666666,
    99.95555555555555,
    99.84444444444445,
    99.97777777777777,
    99.97777777777777,
    99.97777777777777,
    99.97777777777777,
    99.86666666666666,
    99.93333333333334,
    99.66666666666667,
    99.97777777777777,
    99.77777777777777,
    99.95555555555555,
    99.97777777777777,
    99.91111111111111
  ],
  "lr": [
    5.9999999999999995e-05,
    0.00011999999999999999,
    0.00017999999999999998,
    0.00023999999999999998,
    0.0003,
    0.00035999999999999997,
    0.00041999999999999996,
    0.00047999999999999996,
    0.00054,
    0.0006,
    0.0006,
    0.0006,
    0.0006,
    0.0006,
    0.0006,
    0.0006,
    0.0006,
    0.0006,
    0.0006,
    0.0006,
    0.0006,
    0.0006,
    0.0006,
    0.0006,
    0.0006,
    0.0006
  ],
  "per_class_acc": [
    {
      "PoW": 100.0,
      "PoS": 99.88901220865705,
      "PBFT": 100.0,
      "DPoS": 99.8941798941799,
      "Hybrid": 99.12280701754386
    },
    {
      "PoW": 100.0,
      "PoS": 99.22308546059934,
      "PBFT": 100.0,
      "DPoS": 100.0,
      "Hybrid": 100.0
    },
    {
      "PoW": 100.0,
      "PoS": 100.0,
      "PBFT": 100.0,
      "DPoS": 99.68253968253968,
      "Hybrid": 99.01315789473684
    },
    {
      "PoW": 100.0,
      "PoS": 100.0,
      "PBFT": 100.0,
      "DPoS": 100.0,
      "Hybrid": 98.1359649122807
    },
    {
      "PoW": 100.0,
      "PoS": 99.88901220865705,
      "PBFT": 100.0,
      "DPoS": 99.8941798941799,
      "Hybrid": 99.89035087719299
    },
    {
      "PoW": 100.0,
      "PoS": 100.0,
      "PBFT": 100.0,
      "DPoS": 100.0,
      "Hybrid": 99.89035087719299
    },
    {
      "PoW": 100.0,
      "PoS": 99.88901220865705,
      "PBFT": 100.0,
      "DPoS": 99.8941798941799,
      "Hybrid": 100.0
    },
    {
      "PoW": 100.0,
      "PoS": 100.0,
      "PBFT": 100.0,
      "DPoS": 100.0,
      "Hybrid": 98.79385964912281
    },
    {
      "PoW": 100.0,
      "PoS": 98.33518312985572,
      "PBFT": 99.88662131519274,
      "DPoS": 100.0,
      "Hybrid": 99.78070175438596
    },
    {
      "PoW": 100.0,
      "PoS": 100.0,
      "PBFT": 100.0,
      "DPoS": 100.0,
      "Hybrid": 98.79385964912281
    },
    {
      "PoW": 100.0,
      "PoS": 99.88901220865705,
      "PBFT": 100.0,
      "DPoS": 99.8941798941799,
      "Hybrid": 99.89035087719299
    },
    {
      "PoW": 100.0,
      "PoS": 100.0,
      "PBFT": 100.0,
      "DPoS": 100.0,
      "Hybrid": 99.34210526315789
    },
    {
      "PoW": 100.0,
      "PoS": 100.0,
      "PBFT": 100.0,
      "DPoS": 99.8941798941799,
      "Hybrid": 99.89035087719299
    },
    {
      "PoW": 100.0,
      "PoS": 100.0,
      "PBFT": 99.31972789115646,
      "DPoS": 99.8941798941799,
      "Hybrid": 100.0
    },
    {
      "PoW": 100.0,
      "PoS": 100.0,
      "PBFT": 100.0,
      "DPoS": 100.0,
      "Hybrid": 99.89035087719299
    },
    {
      "PoW": 100.0,
      "PoS": 100.0,
      "PBFT": 100.0,
      "DPoS": 99.8941798941799,
      "Hybrid": 100.0
    },
    {
      "PoW": 100.0,
      "PoS": 100.0,
      "PBFT": 100.0,
      "DPoS": 99.8941798941799,
      "Hybrid": 100.0
    },
    {
      "PoW": 100.0,
      "PoS": 100.0,
      "PBFT": 100.0,
      "DPoS": 99.8941798941799,
      "Hybrid": 100.0
    },
    {
      "PoW": 100.0,
      "PoS": 99.66703662597115,
      "PBFT": 99.88662131519274,
      "DPoS": 99.78835978835978,
      "Hybrid": 100.0
    },
    {
      "PoW": 100.0,
      "PoS": 99.88901220865705,
      "PBFT": 100.0,
      "DPoS": 99.78835978835978,
      "Hybrid": 100.0
    },
    {
      "PoW": 100.0,
      "PoS": 99.88901220865705,
      "PBFT": 100.0,
      "DPoS": 99.78835978835978,
      "Hybrid": 98.6842105263158
    },
    {
      "PoW": 100.0,
      "PoS": 100.0,
      "PBFT": 100.0,
      "DPoS": 99.8941798941799,
      "Hybrid": 100.0
    },
    {
      "PoW": 100.0,
      "PoS": 100.0,
      "PBFT": 100.0,
      "DPoS": 99.8941798941799,
      "Hybrid": 99.01315789473684
    },
    {
      "PoW": 100.0,
      "PoS": 100.0,
      "PBFT": 100.0,
      "DPoS": 100.0,
      "Hybrid": 99.78070175438596
    },
    {
      "PoW": 100.0,
      "PoS": 100.0,
      "PBFT": 100.0,
      "DPoS": 100.0,
      "Hybrid": 99.89035087719299
    },
    {
      "PoW": 100.0,
      "PoS": 100.0,
      "PBFT": 100.0,
      "DPoS": 100.0,
      "Hybrid": 99.56140350877193
    }
  ]
}